tab,group,label,key,modes,current_tier,recommended_tier,changes,why,your_call,move_to
"world","Display","Background","backgroundTheme","normal platformer arena sandbox","basic","basic","","feature on/off or an up-front design choice","",""
"world","Day / Night","Day Length","dayCycleMinutes","normal platformer sandbox","basic","basic","","feature on/off or an up-front design choice","",""
"world","Day / Night","Night Spawn Boost","nightSpawnBoost","normal platformer sandbox","basic","basic","","feature on/off or an up-front design choice","",""
"world","Day / Night","Night Spawn Rate","nightSpawnRate","normal platformer sandbox","advanced","advanced","","child knob of a toggle above it","",""
"world","Day / Night","Full-Moon Mob HP","fullMoonHpBoost","normal platformer sandbox","basic","basic","","feature on/off or an up-front design choice","",""
"world","Day / Night","Full-Moon HP Boost","fullMoonHpAmount","normal platformer sandbox","advanced","advanced","","child knob of a toggle above it","",""
"combat","Special Moves","Jump Attack (stomp)","jumpAttack","normal platformer sandbox","basic","basic","","feature on/off or an up-front design choice","",""
"debug","Overlays","Performance HUD","perfHud","normal platformer speedrunner arena sandbox","advanced","advanced","","developer overlay — not player-facing","",""
"debug","Overlays","Show Bot / Mob Paths","showBotPaths","normal platformer speedrunner arena sandbox","advanced","advanced","","developer overlay — not player-facing","",""
"debug","Overlays","Show Nav Grid (solid cells)","showNavGrid","normal platformer speedrunner arena sandbox","advanced","advanced","","developer overlay — not player-facing","",""
"world","Display","Default Zoom","worldZoom","normal platformer arena sandbox","basic","basic","","feature on/off or an up-front design choice","",""
"multi","Companion","Bot Companion Summon (press C)","companionTeleport","normal platformer sandbox","basic","basic","","feature on/off or an up-front design choice","",""
"multi","Companion","Summon Distance","companionTeleportRange","normal platformer sandbox","advanced","advanced","","numeric tuning of an already-working default","",""
"multi","Companion","If Companion Gets Stuck","companionStuckBehavior","normal platformer sandbox","advanced","basic","YES","picks a mode/behaviour rather than tuning it","",""
"multi","Players","Players Pass Through","playersPassThrough","normal platformer sandbox","basic","basic","","feature on/off or an up-front design choice","",""
"world","Scoring","Collect Emeralds","platformerEmeralds","platformer sandbox","basic","basic","","feature on/off or an up-front design choice","",""
"world","Scoring","Score / Points","platformerScore","platformer sandbox","basic","basic","","feature on/off or an up-front design choice","",""
"world","Scoring","Points / Emerald","emeraldPoints","platformer sandbox","advanced","advanced","","child knob of a toggle above it","",""
"world","Scoring","Level-Clear Bonus","goalClearPoints","platformer sandbox","advanced","advanced","","child knob of a toggle above it","",""
"world","Designer Locks","Lock Physics","physicsLocked","sandbox","advanced","advanced","","fine-tuning group behind a working default","",""
"world","Designer Locks","Lock Boss Scaling","bossScalingLocked","sandbox","advanced","advanced","","fine-tuning group behind a working default","",""
"movement","Physics","Gravity","physicsGravity","normal platformer arena sandbox","basic","basic","","feature on/off or an up-front design choice","",""
"movement","Physics","Jump Height","jumpHeightBlocks","normal platformer arena sandbox","basic","basic","","feature on/off or an up-front design choice","",""
"movement","Physics","Jump-Pad Force","jumpPadVForce","normal platformer arena sandbox","advanced","advanced","","numeric tuning of an already-working default","",""
"movement","Physics","Platform Launch Accel","platformLaunchAccel","normal platformer arena sandbox","advanced","advanced","","numeric tuning of an already-working default","",""
"movement","Physics","Platform Launch Lift","platformLaunchLift","normal platformer arena sandbox","advanced","advanced","","numeric tuning of an already-working default","",""
"world","Redstone","Redstone Speed","redstoneSpeed","normal platformer arena sandbox","advanced","advanced","","numeric tuning of an already-working default","",""
"movement","Physics","Disable XP Speed Boost","disableXpSpeedBoost","normal platformer arena sandbox","basic","basic","","a feature switch a designer decides deliberately","",""
"movement","Moves","Sprint","sprintEnabled","normal platformer arena sandbox","basic","basic","","feature on/off or an up-front design choice","",""
"movement","Moves","Auto-Climb","autoStepUp","normal platformer arena sandbox","basic","basic","","feature on/off or an up-front design choice","",""
"movement","Moves","Double Jump","airJumpEnabled","normal platformer arena sandbox","basic","basic","","feature on/off or an up-front design choice","",""
"movement","Moves","Double Jump Style","doubleJumpStyle","normal platformer arena sandbox","advanced","advanced","","child knob of a toggle above it","",""
"movement","Moves","Ground Slide","slideEnabled","normal platformer arena sandbox","basic","basic","","a feature switch a designer decides deliberately","",""
"movement","Moves","Slide Invincible","slideInvincible","normal platformer arena sandbox","advanced","advanced","","child knob of a toggle above it","",""
"movement","Moves","Slide Length","slideDurationFrames","normal platformer arena sandbox","advanced","advanced","","child knob of a toggle above it","",""
"movement","Moves","Slide Speed","slideSpeedMult","normal platformer arena sandbox","advanced","advanced","","child knob of a toggle above it","",""
"movement","Moves","Wall Slide","wallSlideEnabled","normal platformer arena sandbox","basic","basic","","a feature switch a designer decides deliberately","",""
"movement","Moves","Wall-Jump Lock-Away","wallJumpLockAway","normal platformer arena sandbox","advanced","advanced","","child knob of a toggle above it","",""
"movement","Moves","Ledge Hang","ledgeHangEnabled","normal platformer arena sandbox","basic","basic","","a feature switch a designer decides deliberately","",""
"movement","Moves","Climb Speed","climbSpeed","normal platformer arena sandbox","advanced","advanced","","child knob of a toggle above it","",""
"movement","Moves","Ladder: Lock Sideways","ladderLockX","normal platformer arena sandbox","basic","basic","","a feature switch a designer decides deliberately","",""
"movement","Moves","Ladder: Jump Off Mid-Climb","ladderMidJump","normal platformer arena sandbox","basic","basic","","a feature switch a designer decides deliberately","",""
"movement","Moves","Bar: Press Up to Grab","barRequireGrab","normal platformer arena sandbox","basic","basic","","a feature switch a designer decides deliberately","",""
"movement","Moves","Bar: Traverse Speed","barMoveSpeed","normal platformer arena sandbox","advanced","advanced","","numeric tuning of an already-working default","",""
"movement","Moves","Bar: Traverse Style","barTraverseStyle","normal platformer arena sandbox","advanced","basic","YES","picks a mode/behaviour rather than tuning it","",""
"world","Blocks","Crumble Block Time","crumbleSeconds","normal platformer arena sandbox","basic","basic","","picks a mode/behaviour rather than tuning it","",""
"movement","Transport","Conveyor Speed","conveyorSpeed","normal platformer arena sandbox","basic","advanced","YES","numeric tuning of an already-working default","",""
"movement","Transport","Travel Tube Speed","tubeDefaultSpeed","normal platformer arena sandbox","advanced","advanced","","numeric tuning of an already-working default","",""
"movement","Transport","Travel Tube: Rounded Bends","tubeRoundedCorners","normal platformer arena sandbox","basic","basic","","a feature switch a designer decides deliberately","",""
"movement","Transport","Travel Tube: Block Style","tubeBlockStyle","normal platformer arena sandbox","basic","basic","","a feature switch a designer decides deliberately","",""
"movement","Moves","Trampoline: Jump to Boost","trampJumpBoost","normal platformer arena sandbox","basic","basic","","a feature switch a designer decides deliberately","",""
"movement","Moves","Trampoline: Early-Jump Penalty","trampEarlyPenalty","normal platformer arena sandbox","advanced","advanced","","child knob of a toggle above it","",""
"world","Blocks","Block Contents","questionContents","normal platformer arena sandbox","basic","basic","","picks a mode/behaviour rather than tuning it","",""
"world","Blocks","Glass Shatters","glassShatter","normal platformer arena sandbox","basic","basic","","a feature switch a designer decides deliberately","",""
"movement","Moves","Look-Up Aim (Up/W)","aimUpEnabled","normal platformer arena sandbox","basic","basic","","a feature switch a designer decides deliberately","",""
"speedrun","Pace","Base Speed","srBaseSpeed","speedrunner sandbox","basic","advanced","YES","numeric tuning of an already-working default","",""
"speedrun","Pace","Max Speed","srMaxMultiplier","speedrunner sandbox","basic","advanced","YES","numeric tuning of an already-working default","",""
"speedrun","Pace","Acceleration","srAccel","speedrunner sandbox","basic","advanced","YES","numeric tuning of an already-working default","",""
"speedrun","Pace","Deceleration","srDecel","speedrunner sandbox","basic","basic","","picks a mode/behaviour rather than tuning it","",""
"speedrun","Boosts","Boost Amount","srBoostPct","speedrunner sandbox","advanced","advanced","","numeric tuning of an already-working default","",""
"speedrun","Boosts","Time Boost","srTimeBoostEnabled","speedrunner sandbox","basic","basic","","a feature switch a designer decides deliberately","",""
"speedrun","Boosts","Time Boost Every","srTimeBoostIntervalSec","speedrunner sandbox","advanced","advanced","","child knob of a toggle above it","",""
"speedrun","Boosts","Distance Boost","srDistBoostEnabled","speedrunner sandbox","basic","basic","","a feature switch a designer decides deliberately","",""
"speedrun","Boosts","Distance Boost Every","srDistBoostIntervalBlocks","speedrunner sandbox","advanced","advanced","","child knob of a toggle above it","",""
"speedrun","Camera","Zoom-Out Start","srMinZoomSpeed","speedrunner sandbox","basic","basic","","picks a mode/behaviour rather than tuning it","",""
"speedrun","Camera","Zoom-Out Max","srMaxZoomSpeed","speedrunner sandbox","basic","basic","","picks a mode/behaviour rather than tuning it","",""
"arena","Camera","World View","arenaViewType","arena sandbox","basic","basic","","picks a mode/behaviour rather than tuning it","",""
"arena","Camera","Zoom Mode","arenaZoomMode","arena sandbox","basic","basic","","picks a mode/behaviour rather than tuning it","",""
"arena","Camera","Preset Zoom","arenaPresetZoom","arena sandbox","basic","advanced","YES","child knob of a toggle above it","",""
"arena","Match","Player Health","arenaPlayerMaxHealth","arena sandbox","basic","basic","","picks a mode/behaviour rather than tuning it","",""
"arena","Match","Mob Difficulty","arenaMobHealth","arena sandbox","basic","basic","","picks a mode/behaviour rather than tuning it","",""
"arena","Match","Respawn Delay","arenaRespawnTime","arena sandbox","advanced","advanced","","numeric tuning of an already-working default","",""
"arena","Game Types","Mob Hunter","arenaType_MOB_HUNTER","arena sandbox","basic","basic","","a feature switch a designer decides deliberately","",""
"arena","Game Types","Collect Emeralds","arenaType_COLLECT_EMERALDS","arena sandbox","basic","basic","","a feature switch a designer decides deliberately","",""
"arena","Game Types","King of the Hill","arenaType_KING_OF_HILL","arena sandbox","basic","basic","","a feature switch a designer decides deliberately","",""
"arena","Game Types","Survival Waves","arenaType_SURVIVAL_WAVES","arena sandbox","basic","basic","","a feature switch a designer decides deliberately","",""
"arena","Game Types","Deathmatch","arenaType_DEATHMATCH","arena sandbox","basic","basic","","a feature switch a designer decides deliberately","",""
"arena","Game Types","Capture the Flag","arenaType_CAPTURE_FLAG","arena sandbox","basic","basic","","a feature switch a designer decides deliberately","",""
"arena","Game Types","Defend the Tower","arenaType_DEFEND_TOWER","arena sandbox","basic","basic","","a feature switch a designer decides deliberately","",""
"multi","Boss Scaling","Boss Health","bossHealthMultiplier","normal platformer sandbox","advanced","basic","YES","picks a mode/behaviour rather than tuning it","",""
"multi","Boss Scaling","Boss Damage","bossDamageMultiplier","normal platformer sandbox","advanced","advanced","","numeric tuning of an already-working default","",""
"multi","Boss Scaling","Boss Attack Rate","bossAttackRateMultiplier","normal platformer sandbox","advanced","advanced","","numeric tuning of an already-working default","",""
"multi","Boss Scaling","Disable Dragon Healing","disableDragonHealing","normal platformer sandbox","advanced","basic","YES","a feature switch a designer decides deliberately","",""
"combat","Ranged","Unlimited Arrows","unlimitedArrows","normal platformer sandbox","basic","basic","","a feature switch a designer decides deliberately","",""
"combat","Ranged","Recoverable Arrows","recoverableArrows","normal platformer sandbox","basic","basic","","a feature switch a designer decides deliberately","",""
"combat","Ranged","Straight Arrow Flight","arrowStraight","normal platformer arena sandbox","basic","basic","","a feature switch a designer decides deliberately","",""
"combat","Ranged","Arrow Speed","arrowSpeedMult","normal platformer arena sandbox","advanced","advanced","","numeric tuning of an already-working default","",""
"combat","Ranged","Charged Shots (charge → damage)","chargeDamage","normal platformer arena sandbox","basic","basic","","a feature switch a designer decides deliberately","",""
"combat","Ranged","Max Charge Damage","chargeDamageMax","normal platformer arena sandbox","advanced","advanced","","child knob of a toggle above it","",""
"combat","Ranged","Charge Speed","chargeSpeedMult","normal platformer arena sandbox","advanced","advanced","","child knob of a toggle above it","",""
"mobs","Detection","Smart Detection","smartDetection","normal platformer arena sandbox","basic","basic","","a feature switch a designer decides deliberately","",""
"mobs","Detection","Axis · Line of Sight","detectSight","normal platformer arena sandbox","advanced","advanced","","child knob of a toggle above it","",""
"mobs","Detection","Axis · Sound","detectSound","normal platformer arena sandbox","advanced","advanced","","child knob of a toggle above it","",""
"mobs","Detection","Axis · Attacks/Jumps","detectAction","normal platformer arena sandbox","advanced","advanced","","child knob of a toggle above it","",""
"mobs","Detection","Sight Range","detectSightRange","normal platformer arena sandbox","advanced","advanced","","child knob of a toggle above it","",""
"mobs","Detection","Sight Cone","detectSightArc","normal platformer arena sandbox","advanced","advanced","","child knob of a toggle above it","",""
"mobs","Detection","Walk Sound","detectSoundWalk","normal platformer arena sandbox","advanced","advanced","","child knob of a toggle above it","",""
"mobs","Detection","Run Sound","detectSoundRun","normal platformer arena sandbox","advanced","advanced","","child knob of a toggle above it","",""
"mobs","Detection","Loud-Block Sound","detectSoundLoud","normal platformer arena sandbox","advanced","advanced","","child knob of a toggle above it","",""
"mobs","Detection","Attack/Jump Sound","detectActionRange","normal platformer arena sandbox","advanced","advanced","","child knob of a toggle above it","",""
"mobs","Pack","Pack Behavior","packAlert","normal platformer arena sandbox","advanced","advanced","","fine-tuning group behind a working default","",""
"mobs","Pack","Alert Spread Range","packRadius","normal platformer arena sandbox","advanced","advanced","","fine-tuning group behind a working default","",""
"mobs","Sprint","Sprinting Mobs","sprintingMobs","normal platformer arena sandbox","basic","basic","","a feature switch a designer decides deliberately","",""
"mobs","Wayfinding","Path-Aware Mobs","pathAwareMobs","normal platformer arena sandbox","advanced","advanced","","fine-tuning group behind a working default","",""
"mobs","Wayfinding","Path Range","pathSearchRadius","normal platformer arena sandbox","advanced","advanced","","fine-tuning group behind a working default","",""
"mobs","Wayfinding","Path Update","pathRecomputeFrames","normal platformer arena sandbox","advanced","advanced","","fine-tuning group behind a working default","",""
"mobs","Retreating Mobs","Zombie","lowHpAction_zombie","normal platformer arena sandbox","advanced","advanced","","fine-tuning group behind a working default","",""
"mobs","Retreating Mobs","Zombie · Flee Below","lowHpThreshold_zombie","normal platformer arena sandbox","advanced","advanced","","fine-tuning group behind a working default","",""
"mobs","Retreating Mobs","Skeleton","lowHpAction_skeleton","normal platformer arena sandbox","advanced","advanced","","fine-tuning group behind a working default","",""
"mobs","Retreating Mobs","Skeleton · Flee Below","lowHpThreshold_skeleton","normal platformer arena sandbox","advanced","advanced","","fine-tuning group behind a working default","",""
"mobs","Retreating Mobs","Cave Spider","lowHpAction_cave_spider","normal platformer arena sandbox","advanced","advanced","","fine-tuning group behind a working default","",""
"mobs","Retreating Mobs","Cave Spider · Flee Below","lowHpThreshold_cave_spider","normal platformer arena sandbox","advanced","advanced","","fine-tuning group behind a working default","",""
"mobs","Retreating Mobs","Piglin","lowHpAction_piglin","normal platformer arena sandbox","advanced","advanced","","fine-tuning group behind a working default","",""
"mobs","Retreating Mobs","Piglin · Flee Below","lowHpThreshold_piglin","normal platformer arena sandbox","advanced","advanced","","fine-tuning group behind a working default","",""
"mobs","Retreating Mobs","Wither Skel.","lowHpAction_wither_skeleton","normal platformer arena sandbox","advanced","advanced","","fine-tuning group behind a working default","",""
"mobs","Retreating Mobs","Wither Skel. · Flee Below","lowHpThreshold_wither_skeleton","normal platformer arena sandbox","advanced","advanced","","fine-tuning group behind a working default","",""
"mobs","Spider Webs","Spider Webs","spiderWebs","normal platformer arena sandbox","advanced","advanced","","fine-tuning group behind a working default","",""
"mobs","Spider Webs","Slowness","webSlowPct","normal platformer arena sandbox","advanced","advanced","","fine-tuning group behind a working default","",""
"mobs","Spider Webs","Duration","webDurationSec","normal platformer arena sandbox","advanced","advanced","","fine-tuning group behind a working default","",""
"mobs","Spider Webs","Stacking","webStacking","normal platformer arena sandbox","advanced","advanced","","fine-tuning group behind a working default","",""
"combat","Special Moves","Slide Attack (Spear)","slideAttack","normal platformer arena sandbox","basic","basic","","a feature switch a designer decides deliberately","",""
"combat","Special Moves","Slide Attack Damage","slideAttackDmg","normal platformer arena sandbox","advanced","advanced","","numeric tuning of an already-working default","",""
"combat","Special Moves","Advanced Attacks (directional)","advancedAttacks","normal platformer arena sandbox","basic","basic","","a feature switch a designer decides deliberately","",""
"combat","Weapons","Melee Weapon","startingMelee","normal platformer arena sandbox","basic","basic","","picks a mode/behaviour rather than tuning it","",""
"combat","Weapons","Ranged Weapon","startingRanged","normal platformer arena sandbox","basic","advanced","YES","numeric tuning of an already-working default","",""
"combat","Weapon · Sword","Damage","wpn_sword_dmgMult","normal platformer arena sandbox","advanced","advanced","","fine-tuning group behind a working default","",""
"combat","Weapon · Sword","Attack Speed","wpn_sword_atkSpeed","normal platformer arena sandbox","advanced","advanced","","fine-tuning group behind a working default","",""
"combat","Weapon · Sword","Hit All Mobs","wpn_sword_hitAll","normal platformer arena sandbox","advanced","advanced","","fine-tuning group behind a working default","",""
"combat","Weapon · Spear","Damage","wpn_spear_dmgMult","normal platformer arena sandbox","advanced","advanced","","fine-tuning group behind a working default","",""
"combat","Weapon · Spear","Attack Speed","wpn_spear_atkSpeed","normal platformer arena sandbox","advanced","advanced","","fine-tuning group behind a working default","",""
"combat","Weapon · Spear","Hit All Mobs","wpn_spear_hitAll","normal platformer arena sandbox","advanced","advanced","","fine-tuning group behind a working default","",""
"combat","Weapon · Axe","Damage","wpn_axe_dmgMult","normal platformer arena sandbox","advanced","advanced","","fine-tuning group behind a working default","",""
"combat","Weapon · Axe","Attack Speed","wpn_axe_atkSpeed","normal platformer arena sandbox","advanced","advanced","","fine-tuning group behind a working default","",""
"combat","Weapon · Axe","Knockback","wpn_axe_knockback","normal platformer arena sandbox","advanced","advanced","","fine-tuning group behind a working default","",""
"combat","Weapon · Trident","Damage","wpn_trident_dmgMult","normal platformer arena sandbox","advanced","advanced","","fine-tuning group behind a working default","",""
"combat","Weapon · Trident","Attack Speed","wpn_trident_atkSpeed","normal platformer arena sandbox","advanced","advanced","","fine-tuning group behind a working default","",""
"combat","Weapon · Trident","Throwable","wpn_trident_throwable","normal platformer arena sandbox","advanced","advanced","","fine-tuning group behind a working default","",""
"combat","Weapon · Trident","Recall (right-click)","tridentAutoReturn","normal platformer arena sandbox","advanced","advanced","","fine-tuning group behind a working default","",""
"combat","Weapon · Trident","Guided (steer to cursor)","guidedTrident","normal platformer arena sandbox","advanced","advanced","","fine-tuning group behind a working default","",""
"combat","Weapon · Trident","Guided Turn Speed","tridentTurn","normal platformer arena sandbox","advanced","advanced","","fine-tuning group behind a working default","",""
"combat","Weapon · Bow","Damage","wpn_bow_dmgMult","normal platformer arena sandbox","advanced","advanced","","fine-tuning group behind a working default","",""
"combat","Weapon · Bow","Piercing","wpn_bow_pierce","normal platformer arena sandbox","advanced","advanced","","fine-tuning group behind a working default","",""
"combat","Weapon · Crossbow","Damage","wpn_crossbow_dmgMult","normal platformer arena sandbox","advanced","advanced","","fine-tuning group behind a working default","",""
"combat","Weapon · Crossbow","Piercing","wpn_crossbow_pierce","normal platformer arena sandbox","advanced","advanced","","fine-tuning group behind a working default","",""
"combat","Weapon · Boomerang","Configure Boomerang","weaponBoomerang","normal platformer arena sandbox","basic","advanced","YES","fine-tuning group behind a working default","",""
"combat","Weapon · Boomerang","Look","boomerangLook","normal platformer arena sandbox","advanced","advanced","","fine-tuning group behind a working default","",""
"combat","Weapon · Boomerang","Range","boomerangRange","normal platformer arena sandbox","advanced","advanced","","fine-tuning group behind a working default","",""
"combat","Weapon · Boomerang","Speed","boomerangSpeed","normal platformer arena sandbox","advanced","advanced","","fine-tuning group behind a working default","",""
"combat","Weapon · Boomerang","Deceleration Point","boomerangDecel","normal platformer arena sandbox","advanced","advanced","","fine-tuning group behind a working default","",""
"combat","Weapon · Boomerang","Steer Intensity ⚗","boomerangSteer","normal platformer arena sandbox","advanced","advanced","","fine-tuning group behind a working default","",""
"combat","Weapon · Boomerang","Return Speed ⚗","boomerangReturnMult","normal platformer arena sandbox","advanced","advanced","","fine-tuning group behind a working default","",""
"combat","Weapon · Boomerang","Wall Mode","boomerangWall","normal platformer arena sandbox","basic","advanced","YES","fine-tuning group behind a working default","",""
"combat","Weapon · Boomerang","On Block Hit","boomerangOnBlock","normal platformer arena sandbox","advanced","advanced","","fine-tuning group behind a working default","",""
"combat","Weapon · Boomerang","Return Trigger","boomerangReturn","normal platformer arena sandbox","basic","advanced","YES","fine-tuning group behind a working default","",""
"movement","Grappling Hook","Configure Grappling Hook","weaponGrapple","normal platformer arena sandbox","basic","basic","","a feature switch a designer decides deliberately","",""
"movement","Grappling Hook","Range","grappleRange","normal platformer arena sandbox","advanced","advanced","","child knob of a toggle above it","",""
"movement","Grappling Hook","Hook Damage","grappleDamage","normal platformer arena sandbox","advanced","advanced","","child knob of a toggle above it","",""
"movement","Grappling Hook","Attach To","grappleAttach","normal platformer arena sandbox","advanced","advanced","","child knob of a toggle above it","",""
"movement","Grappling Hook","Grapple Enemies","grappleEnemies","normal platformer arena sandbox","basic","advanced","YES","child knob of a toggle above it","",""
"movement","Grappling Hook","Grapple Collectibles","grappleCollectibles","normal platformer arena sandbox","basic","advanced","YES","child knob of a toggle above it","",""
"movement","Grappling Hook","Release Momentum · Horizontal","grappleReleaseBoostH","normal platformer arena sandbox","advanced","advanced","","child knob of a toggle above it","",""
"movement","Grappling Hook","Release Momentum · Vertical","grappleReleaseBoostV","normal platformer arena sandbox","advanced","advanced","","child knob of a toggle above it","",""
"movement","Grappling Hook","Swing Assist","grappleSwingAssist","normal platformer arena sandbox","basic","advanced","YES","child knob of a toggle above it","",""
"movement","Grappling Hook","Swing Assist Strength","grappleSwingStrength","normal platformer arena sandbox","advanced","advanced","","child knob of a toggle above it","",""
